{"defaultConfiguration":{"CFDE5FCC-CEC7-4D37-848C-B628CB7335B9":{"properties":{"position.x":147.6505102040816,"position.y":500,"lineWidth":15,"bounds.size.width":293.78560415679988,"bounds.size.height":2.04163180684596,"combinedPath":{"normalized":true,"paths":[{"points":[{"cornerRadius":0,"point":{"y":0.49999999999999944,"x":0}},{"cornerRadius":0,"point":{"y":0.5,"x":1}}],"closed":false}]},"strokeColor":{"alpha":1,"blue":1,"red":1,"green":1},"lineCap":"square","opacity":0}},"CCFB53A6-7EAE-49F7-9882-D0FCA7164B56":{"properties":{"lineWidth":15,"lineCap":"square","position.y":249.7448979591835,"transform.scale.x":-1,"opacity":0,"position.x":294.39795918367344,"bounds.size.width":497.47570272123454,"strokeColor":{"green":1,"red":1,"blue":1,"alpha":1},"combinedPath":{"paths":[{"points":[{"point":{"y":0.49999999999998479,"x":0},"cornerRadius":0},{"cornerRadius":0,"point":{"y":0.50000000000001521,"x":0.99999999999999989}}],"closed":false}],"normalized":true},"transform.rotation.z":1.5707963267948966,"bounds.size.height":0.5}},"268F5277-3C71-4640-86EC-51E78A4725EE":{"properties":{"position.y":382.5,"bounds.size.width":295,"bounds.size.height":500,"position.x":223}},"1443E4DD-D1F2-45EC-8343-8CC06E476D79":{"properties":{"position.x":0.60204081632653583,"bounds.size.height":0.50107726783986017,"transform.scale.x":-1,"transform.rotation.z":1.5707963267948966,"lineCap":"square","combinedPath":{"normalized":true,"paths":[{"points":[{"point":{"y":0.4999999999999869,"x":0},"cornerRadius":0},{"cornerRadius":0,"point":{"x":1,"y":0.50000000000001332}}],"closed":false}]},"opacity":0,"bounds.size.width":497.45107175360152,"lineWidth":15,"position.y":249.74489795918365,"strokeColor":{"green":1,"red":1,"alpha":1,"blue":1}}},"0B35C0F4-5AD5-4DCC-8909-DCFA0F75F4CC":{"properties":{"position.y":1.0204081632653061,"lineWidth":15,"bounds.size.width":0.010000000000000005,"bounds.size.height":2.0408150553937849,"strokeColor":{"red":1,"green":1,"blue":1,"alpha":1},"position.x":0.59999999999999998,"lineCap":"square","combinedPath":{"normalized":true,"paths":[{"points":[{"cornerRadius":0,"point":{"x":0,"y":0.49999999999999944}},{"point":{"x":1,"y":0.5},"cornerRadius":0}],"closed":false}]}}},"B20B9583-126D-4823-99D4-21D9620669D1":{"properties":{"anchorPoint.x":0,"bounds.size.width":886,"bounds.size.height":1500,"anchorPoint.y":0,"backgroundColor":{"blue":0.47100000000000003,"green":0.247,"alpha":0.078,"red":0.21199999999999999}}}},"rootLayer":{"isClippingMask":false,"aspectRatioUnlocked":false,"name":"Scene","type":"group","id":"B20B9583-126D-4823-99D4-21D9620669D1","locked":false,"sublayers":[{"resizingConstraint":0,"id":"268F5277-3C71-4640-86EC-51E78A4725EE","aspectRatioUnlocked":true,"isClippingMask":false,"locked":false,"sublayers":[{"type":"shape","isClippingMask":false,"aspectRatioUnlocked":true,"id":"CFDE5FCC-CEC7-4D37-848C-B628CB7335B9","name":"down","resizingConstraint":0,"masksToBounds":false,"visible":true,"locked":false},{"type":"shape","id":"0B35C0F4-5AD5-4DCC-8909-DCFA0F75F4CC","masksToBounds":false,"isClippingMask":false,"locked":false,"visible":true,"name":"up","resizingConstraint":0,"aspectRatioUnlocked":true},{"aspectRatioUnlocked":true,"type":"shape","id":"CCFB53A6-7EAE-49F7-9882-D0FCA7164B56","masksToBounds":false,"resizingConstraint":0,"isClippingMask":false,"name":"right","locked":false,"visible":true},{"isClippingMask":false,"visible":true,"locked":false,"id":"1443E4DD-D1F2-45EC-8343-8CC06E476D79","resizingConstraint":0,"masksToBounds":false,"type":"shape","name":"left","aspectRatioUnlocked":true}],"masksToBounds":false,"name":"squareVect","type":"group","visible":true}],"resizingConstraint":0,"visible":true,"masksToBounds":false},"adjustContentOnResize":true,"id":"BD5E11E5-E04E-4F89-8323-EABF590591DC","name":"Scene"}