{"id":"9A69800C-2DBA-4673-9E1D-B1DAE63EB334","tracks":{"CFDE5FCC-CEC7-4D37-848C-B628CB7335B9":{"position.x":{"initalValue":86.657184318422594,"keyvalues":[{"value":86.657184318422594,"timing":"ease","time":0},{"timing":"ease","value":172.77088036117377,"time":1},{"timing":"ease","value":86.568848758464995,"time":1.5},{"time":2,"value":86.657184318422594,"timing":"ease"}]},"opacity":{"keyvalues":[{"time":0.98999999999999999,"timing":"ease","value":0},{"timing":"ease","time":1,"value":1}],"initalValue":0},"bounds.size.width":{"initalValue":172.4316569250856,"keyvalues":[{"time":0,"timing":"ease","value":172.4316569250856},{"value":0.013000954303331497,"time":1,"timing":"ease"},{"time":1.5,"timing":"ease","value":172.50741617974327},{"timing":"ease","value":172.4316569250856,"time":2}]},"position.y":{"initalValue":303.33333333333326,"keyvalues":[{"time":0,"timing":"ease","value":303.33333333333326},{"time":1,"timing":"ease","value":305.75999999999988},{"timing":"ease","time":1.5,"value":304.64979999999991},{"time":2,"value":303.33333333333326,"timing":"ease"}]},"bounds.size.height":{"keyvalues":[{"value":1.6705346340051261,"timing":"ease","time":0},{"timing":"ease","time":1,"value":0.013153816015788394},{"time":1.5,"value":0.013153816015788394,"timing":"ease"},{"time":2,"value":1.6705346340051261,"timing":"ease"}],"initalValue":1.6705346340051261}},"CCFB53A6-7EAE-49F7-9882-D0FCA7164B56":{"opacity":{"keyvalues":[{"timing":"ease","value":0,"time":0.48999999999999999},{"timing":"ease","time":0.5,"value":1}],"initalValue":0},"position.y":{"initalValue":151.51190476190465,"keyvalues":[{"time":0,"timing":"ease","value":151.51190476190465},{"value":0.61879999999999968,"time":0.5,"timing":"ease"},{"timing":"ease","value":152.29153333333329,"time":1},{"timing":"ease","time":2,"value":151.51190476190465}]},"bounds.size.width":{"initalValue":301.72842936293148,"keyvalues":[{"timing":"ease","time":0,"value":301.72842936293148},{"time":0.5,"value":0.012996012807982576,"timing":"ease"},{"time":1,"value":303.29091842944774,"timing":"ease"},{"value":301.72842936293148,"timing":"ease","time":2}]},"position.x":{"initalValue":172.78435527709951,"keyvalues":[{"timing":"ease","value":172.78435527709951,"time":0},{"timing":"ease","time":0.5,"value":172.78555304740414},{"value":172.78435527709951,"time":2,"timing":"ease"}]}},"0B35C0F4-5AD5-4DCC-8909-DCFA0F75F4CC":{"bounds.size.width":{"keyvalues":[{"time":0,"timing":"ease","value":0.013000422197773451},{"value":172.33896221762694,"time":0.5,"timing":"ease"},{"timing":"ease","time":2,"value":172.42459960906933}],"initalValue":0.013000422197773451},"position.x":{"keyvalues":[{"time":0,"value":0.35214446952595935,"timing":"ease"},{"timing":"ease","time":0.5,"value":86.52483069977427},{"timing":"ease","value":86.568848758464995,"time":2}],"initalValue":0.35214446952595935},"bounds.size.height":{"initalValue":1.2504941360930086,"keyvalues":[{"time":0,"timing":"ease","value":1.2504941360930086},{"timing":"ease","time":0.5,"value":1.2499939384385712},{"time":2,"timing":"ease","value":1.2504941360930086}]},"position.y":{"initalValue":0.61904761904761885,"keyvalues":[{"value":0.61904761904761885,"timing":"ease","time":0},{"time":0.5,"timing":"ease","value":0.61879999999999968},{"value":0.61904761904761885,"timing":"ease","time":2}]}},"1443E4DD-D1F2-45EC-8343-8CC06E476D79":{"bounds.size.width":{"initalValue":301.139236824553,"keyvalues":[{"time":0,"timing":"ease","value":301.139236824553},{"time":1.5,"timing":"ease","value":0.013000873670273843},{"time":2,"value":301.139236824553,"timing":"ease"}]},"bounds.size.height":{"keyvalues":[{"value":0.12573325203599131,"time":0,"timing":"ease"},{"value":0.72984381957362632,"time":1.5,"timing":"ease"},{"time":2,"value":0.01257332520359913,"timing":"ease"}],"initalValue":0.12573325203599131},"opacity":{"initalValue":0,"keyvalues":[{"timing":"ease","time":1.49,"value":0},{"value":1,"timing":"ease","time":1.5}]},"position.x":{"keyvalues":[{"time":0,"timing":"ease","value":0.35533333333333328},{"time":1.5,"timing":"ease","value":0.25530474040632045},{"value":0.35533333333333328,"timing":"ease","time":2}],"initalValue":0.35533333333333328},"position.y":{"initalValue":151.51066666666662,"keyvalues":[{"time":0,"value":151.51066666666662,"timing":"ease"},{"time":1.5,"value":302.40209999999996,"timing":"ease"},{"timing":"ease","value":151.51066666666662,"time":2}]}}},"scene":{"id":"9A69800C-2DBA-4673-9E1D-B1DAE63EB334","ref":"scenes\/9A69800C-2DBA-4673-9E1D-B1DAE63EB334"},"duration":2,"name":"rectangularOne","soundTracks":[],"initialConfiguration":{"CFDE5FCC-CEC7-4D37-848C-B628CB7335B9":{"properties":{"position.x":86.657184318422594,"lineCap":"square","position.y":303.33333333333326,"lineWidth":5,"opacity":0,"strokeColor":{"red":1,"blue":1,"alpha":1,"green":1},"bounds.size.height":1.6705346340051261,"combinedPath":{"paths":[{"closed":false,"points":[{"point":{"x":0,"y":0.49999999999999944},"cornerRadius":0},{"cornerRadius":0,"point":{"y":0.5,"x":1}}]}],"normalized":true},"bounds.size.width":172.4316569250856}},"B20B9583-126D-4823-99D4-21D9620669D1":{"properties":{"backgroundColor":{"red":0.21199999999999999,"blue":0.47100000000000003,"green":0.247,"alpha":0.078},"anchorPoint.x":0,"bounds.size.height":455,"anchorPoint.y":0,"bounds.size.width":260}},"1443E4DD-D1F2-45EC-8343-8CC06E476D79":{"properties":{"opacity":0,"lineWidth":5,"lineCap":"square","bounds.size.width":301.139236824553,"combinedPath":{"normalized":true,"paths":[{"closed":false,"points":[{"cornerRadius":0,"point":{"y":0.4999999999999869,"x":0}},{"point":{"x":1,"y":0.50000000000001332},"cornerRadius":0}]}]},"position.y":151.51066666666662,"bounds.size.height":0.12573325203599131,"strokeColor":{"alpha":1,"red":1,"blue":1,"green":1},"transform.rotation.z":1.5707963267948966,"transform.scale.x":-1,"position.x":0.35533333333333328}},"0B35C0F4-5AD5-4DCC-8909-DCFA0F75F4CC":{"properties":{"position.x":0.35214446952595935,"bounds.size.width":0.013000422197773451,"lineWidth":5,"combinedPath":{"paths":[{"closed":false,"points":[{"point":{"x":0,"y":0.49999999999999944},"cornerRadius":0},{"point":{"x":1,"y":0.5},"cornerRadius":0}]}],"normalized":true},"position.y":0.61904761904761885,"strokeColor":{"green":1,"alpha":1,"red":1,"blue":1},"lineCap":"square","bounds.size.height":1.2504941360930086}},"268F5277-3C71-4640-86EC-51E78A4725EE":{"properties":{"position.x":130.88036117381492,"bounds.size.height":303.35000000000002,"bounds.size.width":173.14000000000001,"shadowRadius":1,"position.y":232.04999999999995}},"CCFB53A6-7EAE-49F7-9882-D0FCA7164B56":{"properties":{"transform.rotation.z":1.5707963267948966,"position.x":172.78435527709951,"transform.scale.x":-1,"strokeColor":{"red":1,"alpha":1,"blue":1,"green":1},"lineCap":"square","bounds.size.width":301.72842936293148,"opacity":0,"lineWidth":5,"combinedPath":{"paths":[{"points":[{"cornerRadius":0,"point":{"x":0,"y":0.49999999999998479}},{"cornerRadius":0,"point":{"y":0.50000000000001521,"x":0.99999999999999989}}],"closed":false}],"normalized":true},"bounds.size.height":0.29999999999999999,"position.y":151.51190476190465}}}}